{"score": 8, "params": [0.9861244118474655, 0.30192459646523484, -0.3913826075015163, -0.379631791749804, -0.8721299356467588]}