{"score": 74, "params": [0.19980086254164894, -0.6553750865825774, -0.5645842222240522, -0.38703259289396996, -0.609429321078941, -0.5917795909840948, 0.019276575674495353, 0.1976547681871747, -0.7859763619390505, -0.6000136512302601, 0.36225172770746816, 0.43633887032821006, -0.29021433559765897, -0.2779603998513775, -0.027561178404915038, 0.14153000572575802, -0.7315592676980388, -0.2799277915370062, 0.14657615046862188, 0.5515197604890074, -0.39549059751128124, -0.3177916966973551, 0.2734635539384005, -0.6967244543488895, 0.3034850622814458, -0.4369874176169697, 0.3682647906489508, -0.06909138269886428, -0.7617711780917535, 0.18552035585470894, -0.6645700466722234, -0.11474462958755197, -0.34439183695546444, 0.026899936289929705, 0.35260792239932126, -0.15165977530948288, -0.7954723305955353, 0.09753804332588192, -0.762649780732603, 0.9468667474454553, -0.3725595443105194, 0.5799165181379569, 0.6791826136487318, 1.095147448796972, -0.2041247975314994, -0.6951480383012284, 0.011643110082789003, -0.2947414822664084, -0.38888778463291307, -0.1647013173398916, 0.06974440268007577, 0.05547434021711835, -0.3192944651990475, 0.5183256300722628, -1.1897830027753384, 0.29339890544450675, -0.06800669102973984]}